Time,DateTime,Electricity_used_by_heat_pump_kWh,COP,system_temp_supply_C,mean_radiation,mean_temp,spot_price
0,01-01-23 00:00,2.4800000000032,3.402985074627,38.17,0,4.2,0.01
60,01-01-23 01:00,0.0100000000020372,3.402985074627,32.225,0,4.1,0.001
120,01-01-23 02:00,0.00999999999476131,3.39138405132918,29.174,0,4,0.001
180,01-01-23 03:00,3.59000000000378,3.3342997970435,36.45,0,3.8,0
240,01-01-23 04:00,0.0100000000020372,3.33429979704279,31.741,0,3.8,0
300,01-01-23 05:00,3.14999999999417,3.41779611078381,32.785,0,3.4,-0.003
360,01-01-23 06:00,0,3.40236686390604,33.745,0,3.4,0
420,01-01-23 07:00,2.33000000000174,3.3775633293133,30.136,0,3.4,0
480,01-01-23 08:00,2.11000000000058,3.36037079953681,35.65,0.0026,3.4,0
540,01-01-23 09:00,0.150000000001455,3.31560838285864,30.973,0.0099,3.3,0.006
600,01-01-23 10:00,2.65000000000145,3.34869431643623,34.151,0.0202,3.1,0.001
660,01-01-23 11:00,0.00999999999476131,3.36212214682341,34.568,0.0176,2.9,0
720,01-01-23 12:00,3.15000000000145,3.34136062612864,30.045,0.0355,3,0
780,01-01-23 13:00,1.18000000000029,3.34302325581428,32.587,0.0193,3.2,0.006
840,01-01-23 14:00,0,3.3415082771306,36.144,0.0052,3.4,0.175
900,01-01-23 15:00,1.59999999999854,3.34584115071961,30.561,0,3.6,0.272
960,01-01-23 16:00,0.660000000003492,3.43137254902038,27.769,0,4,0.342
1020,01-01-23 17:00,0.659999999996216,3.4244517873242,35.186,0,4.9,0.413
1080,01-01-23 18:00,1.37000000000261,3.35980452046532,32.962,0,6.2,0.409
1140,01-01-23 19:00,2.43000000000029,3.37043908472446,28.515,0,6.9,0.366
1200,01-01-23 20:00,0.0100000000020372,3.37043908472446,36.592,0,7.1,0.335
1260,01-01-23 21:00,0.00999999999476131,3.37043908472522,34.833,0,6.8,0.342
1320,01-01-23 22:00,1.99000000000523,3.27868852459048,30.202,0.0001,6.5,0.26
1380,01-01-23 23:00,1.73999999999796,3.35463258785947,28.806,0.0001,6.6,0.431
1440,02-01-23 00:00,0.409999999996216,3.34279407127149,38.17,0,6.4,0.384
1500,02-01-23 01:00,0,3.62641122134898,32.225,0.0001,6.1,0.394
1560,02-01-23 02:00,1.40000000000145,3.65774003919116,29.174,0,6,0.328
1620,02-01-23 03:00,3.84000000000378,3.68650217706823,36.45,0,6,0.372
1680,02-01-23 04:00,0.00999999999476131,3.72529964366762,31.741,0,6.2,0.573
1740,02-01-23 05:00,2.91000000000349,3.73112229789783,32.785,0,6.6,0.781
1800,02-01-23 06:00,0.0100000000020372,3.68919360104484,33.745,0,6.6,1.046
1860,02-01-23 07:00,1.26999999999679,3.69905956112864,30.136,0,6.3,1.086
1920,02-01-23 08:00,2.55000000000291,3.67372353673722,35.65,0.0029,5.7,1.094
1980,02-01-23 09:00,0,3.69876707764091,30.973,0.014,5.5,1.083
2040,02-01-23 10:00,2.58000000000174,3.72996300863112,34.151,0.0256,5.7,1.066
2100,02-01-23 11:00,0.00999999999476131,3.69127516778599,34.568,0.0211,5.7,1.074
2160,02-01-23 12:00,1.36000000000058,3.65971107544161,30.045,0.0128,5.6,1.069
2220,02-01-23 13:00,2.34000000000378,3.72445616348007,32.587,0.0094,5.6,1.102
2280,02-01-23 14:00,0.00999999999476131,3.73671580390768,36.144,0.0014,5.5,1.155
2340,02-01-23 15:00,0.0100000000020372,3.73543522960861,30.561,0,5.6,1.211
2400,02-01-23 16:00,0.860000000000582,3.65682137834004,27.769,0,5.5,1.264
2460,02-01-23 17:00,2.51999999999679,3.59735973597394,35.186,0,5.6,1.299
2520,02-01-23 18:00,0.0100000000020372,3.60876897133177,32.962,0.0001,5.5,1.223
2580,02-01-23 19:00,0.330000000001746,3.70499825235905,28.515,0,5.2,1.138
2640,02-01-23 20:00,2.13999999999941,3.74293785310719,36.592,0,4.5,1.054
2700,02-01-23 21:00,1.79499999999825,3.68709516691596,34.833,0,3.5,1.003
2760,02-01-23 22:00,0.625,3.7109375,30.202,0,2.3,0.924
2820,02-01-23 23:00,1.45000000000436,3.7442014579191,28.806,0,2,0.967
2880,03-01-23 00:00,0.610000000000582,3.68330464715968,38.17,0,2.2,0.892
2940,03-01-23 01:00,1.15999999999621,3.69127516778462,32.225,0,2.2,0.883
3000,03-01-23 02:00,2.65000000000145,3.72881355932116,29.174,0,2,0.855
3060,03-01-23 03:00,0.0100000000020372,3.70251126851157,36.45,0,1.7,0.845
3120,03-01-23 04:00,1.8199999999997,3.71900826446259,31.741,0,1.4,0.865
3180,03-01-23 05:00,2.95999999999912,3.68865270396945,32.785,0,1.4,1.033
3240,03-01-23 06:00,1.97000000000116,3.70370370370297,33.745,0,2.1,1.189
3300,03-01-23 07:00,1.45999999999912,3.69230769230718,30.136,0.0011,2.2,1.258
3360,03-01-23 08:00,1.40999999999621,3.67647058823594,35.65,0.0122,1.6,1.273
3420,03-01-23 09:00,1.72000000000116,3.70952530650728,30.973,0.0338,2,1.254
3480,03-01-23 10:00,2.48999999999796,3.64431486880513,34.151,0.0602,2.6,1.26
3540,03-01-23 11:00,2.22000000000116,3.62404242781488,34.568,0.0698,3.1,1.223
3600,03-01-23 12:00,0,3.62511052166277,30.045,0.0636,3.4,1.197
3660,03-01-23 13:00,0.0100000000020372,3.65254757519975,32.587,0.0581,4.3,1.213
3720,03-01-23 14:00,0.260000000002037,3.60655737704986,36.144,0.0072,3.8,1.247
3780,03-01-23 15:00,3.25,3.58624777711866,30.561,0,4,1.239
3840,03-01-23 16:00,0.00999999999476131,3.58624777711943,27.769,0.0001,4.1,1.27
3900,03-01-23 17:00,0.0100000000020372,3.61812100942563,35.186,0,3.5,1.256
3960,03-01-23 18:00,0.0100000000020372,3.58788676760931,32.962,0,3.7,1.197
4020,03-01-23 19:00,1.54000000000087,3.57254779066054,28.515,0,3.3,1.113
4080,03-01-23 20:00,2.23999999999796,3.60733293908933,36.592,0,3.2,0.974
4140,03-01-23 21:00,0.0100000000020372,3.56579362574962,34.833,0,3.3,0.85
4200,03-01-23 22:00,0,3.61264425489224,30.202,0,3.7,0.697
4260,03-01-23 23:00,2.61000000000058,3.6072772898362,28.806,0,4.4,0.602
4320,04-01-23 00:00,1.23999999999796,3.56804546889819,37.668,0,3.8,0.526
4380,04-01-23 01:00,1.47999999999592,3.68776889981648,38.107,0,4.3,0.297
4440,04-01-23 02:00,3.4800000000032,3.70051635111904,31.381,0,4.2,0.065
4500,04-01-23 03:00,0.610000000000582,3.68677635588066,33.574,0,4.4,0.006
4560,04-01-23 04:00,4.61000000000058,3.63442009620548,34.538,0,4.7,0.082
4620,04-01-23 05:00,1.20999999999912,3.61314860092358,30.628,0,5,0.454
4680,04-01-23 06:00,2.37000000000261,3.64439536167846,36.825,0,5.1,0.589
4740,04-01-23 07:00,1.45999999999912,3.61243349201947,32.462,0,5.2,0.626
4800,04-01-23 08:00,1.15999999999621,3.64303868963643,36.361,0.0024,5.4,0.62
4860,04-01-23 09:00,3.16999999999825,3.63196125908002,31.728,0.0087,5.6,0.521
4920,04-01-23 10:00,0.0100000000020372,3.6097010716307,37.017,0.0156,5.7,0.593
4980,04-01-23 11:00,0.0100000000020372,3.6688902365069,31.586,0.022,6,0.602
5040,04-01-23 12:00,0,3.67360208062393,37.569,0.0214,6.8,0.593
5100,04-01-23 13:00,3.8399999999965,3.6416184971093,33.567,0.0095,7.6,0.597
5160,04-01-23 14:00,0.220000000001164,3.64837690318844,30.992,0.0022,7.9,0.593
5220,04-01-23 15:00,0.0100000000020372,3.6458333333331,28.428,0,8.2,0.601
5280,04-01-23 16:00,0,3.67294793995562,34.673,0,8,0.641
5340,04-01-23 17:00,0.0100000000020372,3.67294793995477,38.152,0,7.7,0.538
5400,04-01-23 18:00,2.61000000000058,3.62724859923345,33.824,0,7.4,0.495
5460,04-01-23 19:00,1.38999999999941,3.65542646642154,30.901,0,7.1,0.321
5520,04-01-23 20:00,0.00999999999476131,3.67298578199158,28.933,0,7.2,0.232
5580,04-01-23 21:00,0,3.64847715736084,35.156,0,6.3,0.26
5640,04-01-23 22:00,2.33000000000174,3.66430260047284,33.651,0,4.8,0.068
5700,04-01-23 23:00,1.4800000000032,3.62400906002228,28.044,0,4,0.001
5760,05-01-23 00:00,1.86999999999534,3.643724696357,32.764,0,2.6,0.001
5820,05-01-23 01:00,0.560000000004947,3.68731563421771,35.494,0,2.2,0.001
5880,05-01-23 02:00,0.00999999999476131,3.60777058279294,29.645,0,1.9,0.001
5940,05-01-23 03:00,1.51000000000203,3.61129349967156,36.784,0,1.9,0.017
6000,05-01-23 04:00,2.69000000000232,3.59557467731983,30.337,0,1.9,0.075
6060,05-01-23 05:00,0.0100000000020372,3.65068002863212,36.074,0,1.6,0.454
6120,05-01-23 06:00,2.97999999999592,3.63513968360798,34.137,0,1.7,0.648
6180,05-01-23 07:00,0,3.62106803218684,32.261,0,1.6,0.713
6240,05-01-23 08:00,3.0699999999997,3.66148531951659,35.162,0.0069,1.7,0.934
6300,05-01-23 09:00,1.25,3.61570247933838,30.698,0.0263,1.6,0.981
6360,05-01-23 10:00,1.62999999999738,3.67272727272673,36.749,0.0418,1.6,1.064
6420,05-01-23 11:00,1.57000000000698,3.68203716448613,32.774,0.0424,1.6,1.048
6480,05-01-23 12:00,1.3599999999933,3.6172311739559,30.546,0.0512,1.8,1.06
6540,05-01-23 13:00,1.49500000000261,3.79250901112632,28.824,0.0332,1.6,1.123
6600,05-01-23 14:00,1.49500000000261,3.65358592692781,32.547,0.0048,1.2,1.186
6660,05-01-23 15:00,0,3.64689843217401,38.487,0,1.1,1.285
6720,05-01-23 16:00,3.47999999999592,3.68790003047906,34.397,0,1,1.448
6780,05-01-23 17:00,0.420000000005529,3.67138128197419,31.265,0,1.1,1.448
6840,05-01-23 18:00,4.17999999999301,3.68983957219342,28.897,0,1.4,1.324
6900,05-01-23 19:00,1.01000000000203,3.71508379888262,28.025,0,1.7,1.22
6960,05-01-23 20:00,0.599999999998544,3.71322479291674,37.262,0,1.5,1.13
7020,05-01-23 21:00,2.20000000000436,3.70967741935378,30.734,0,1.9,1.076
7080,05-01-23 22:00,0,3.70967741935378,27.567,0,2.1,0.945
7140,05-01-23 23:00,3.5,3.67474589523054,32.421,0,2.3,0.797
7200,06-01-23 00:00,0.510000000002037,3.71657754010727,33.262,0,2.3,0.752
7260,06-01-23 01:00,0.00999999999476131,3.68598761958368,30.453,0,2.3,0.719
7320,06-01-23 02:00,3.41999999999825,3.69791666666731,36.915,0,2.4,0.612
7380,06-01-23 03:00,1.19000000000232,3.68873168266805,32.72,0,2.4,0.609
7440,06-01-23 04:00,2.61000000000058,3.6873156342177,29.933,0,2.2,0.625
7500,06-01-23 05:00,1.20999999999912,3.69897959183745,36.554,0,2,0.723
7560,06-01-23 06:00,2.79000000000087,3.71605526441229,31.752,0,1.8,0.792
7620,06-01-23 07:00,0.949999999997089,3.70463078848596,35.203,0,2,0.898
7680,06-01-23 08:00,3.7100000000064,3.68758589097578,33.488,0.0029,2,0.869
7740,06-01-23 09:00,1.5899999999965,3.65101944049301,31.861,0.0084,2.3,0.839
7800,06-01-23 10:00,0.62999999999738,3.68142444658394,36.13,0.0123,3,0.843
7860,06-01-23 11:00,2.35000000000582,3.66603595080366,31.774,0.0263,3.8,0.855
7920,06-01-23 12:00,0.00999999999476131,3.65913555992199,36.857,0.0373,4.5,0.816
7980,06-01-23 13:00,2.70999999999912,3.70810553838823,30.746,0.0275,5.3,0.89
8040,06-01-23 14:00,0.210000000006402,3.57974745617233,36.374,0.0092,5.6,0.936
8100,06-01-23 15:00,0.0699999999997089,3.7093495934959,32.402,0.0002,5.6,1.038
8160,06-01-23 16:00,2.48999999999796,3.72759856630885,34.605,0.0001,5.7,1.154
8220,06-01-23 17:00,0.0100000000020372,3.6998436685772,34.347,0.0001,5.8,1.116
8280,06-01-23 18:00,2.54000000000087,3.7283950617283,34.295,0.0001,5.9,1.087
8340,06-01-23 19:00,0.00999999999476131,3.71593724194857,35.633,0.0001,5.9,1.034
8400,06-01-23 20:00,0.959999999999126,3.74862183020968,30.429,0.0001,6.1,0.98
8460,06-01-23 21:00,1.5699999999997,3.73154362416077,37.555,0.0001,6,0.966
8520,06-01-23 22:00,0.0100000000020372,3.73645179692002,31.825,0,6,0.902
8580,06-01-23 23:00,1.41000000000349,3.75651220180979,32.711,0.0001,6.1,0.723
8640,07-01-23 00:00,1.04000000000087,3.76359894148778,36.429,0.0001,5.9,0.732
8700,07-01-23 01:00,0.569999999999709,3.78632227766319,29.884,0,5.9,0.714
8760,07-01-23 02:00,3.57999999999447,3.74601487778941,33.965,0.0001,5.6,0.654
8820,07-01-23 03:00,0.450000000004365,3.74963945774454,34.266,0,5.1,0.617
8880,07-01-23 04:00,2.36999999999534,3.76569037656933,33.16,0,5.1,0.622
8940,07-01-23 05:00,0.0100000000020372,3.75939849624103,35.125,0,5.3,0.675
9000,07-01-23 06:00,1.73999999999796,3.75962107756068,32.617,0,5.4,0.768
9060,07-01-23 07:00,1.95999999999912,3.73292867981795,35.774,0.0002,5.7,0.832
9120,07-01-23 08:00,0.0100000000020372,3.74882849109644,32.177,0.0103,5.9,0.833
9180,07-01-23 09:00,2.34000000000378,3.78590078329011,36.642,0.04,5.8,0.744
9240,07-01-23 10:00,0.00999999999476131,3.81968341362768,30.912,0.0431,6,0.657
9300,07-01-23 11:00,0.0400000000008731,3.79346680716518,37.653,0.0232,6.1,0.654
9360,07-01-23 12:00,2.25,3.77158970743828,32.41,0.0115,6.2,0.699
9420,07-01-23 13:00,1.08000000000174,3.73641304347771,33.911,0.0073,6.3,0.662
9480,07-01-23 14:00,0.0100000000020372,3.73971578159992,35.363,0.0013,6.5,0.636
9540,07-01-23 15:00,0.889999999999417,3.75638220277251,30.374,0,6.8,0.7
9600,07-01-23 16:00,2.88999999999941,3.73677248677249,37.151,0,7.1,0.72
9660,07-01-23 17:00,0.0100000000020372,3.71037463976821,32.932,0,7.1,0.74
9720,07-01-23 18:00,1.3399999999965,3.74699209350246,29.832,0,7.1,0.703
9780,07-01-23 19:00,1.20000000000436,3.71171171171177,36.874,0,7.2,0.653
9840,07-01-23 20:00,1.12999999999738,3.67163145133329,32.085,0,7.1,0.457
9900,07-01-23 21:00,2.37000000000261,3.69881109643261,29.696,0,7.2,0.372
9960,07-01-23 22:00,0.00999999999476131,3.69080779944281,37.205,0,7,0.284
10020,07-01-23 23:00,0,3.69209334726594,31.396,0,7,0.081
10080,08-01-23 00:00,0.0100000000020372,3.66166239472757,29.973,0,6.9,0.067
10140,08-01-23 01:00,2.98999999999796,3.69104579630952,36.582,0,6.7,0.068
10200,08-01-23 02:00,0.450000000004365,3.67192862045377,30.249,0,6.7,0.031
10260,08-01-23 03:00,0,3.71674491392781,36.572,0,6.6,0.042
10320,08-01-23 04:00,2.57999999999447,3.71975442398024,31.953,0,6.6,0.074
10380,08-01-23 05:00,0.180000000000291,3.68627450980425,34.353,0,6.6,0.067
10440,08-01-23 06:00,1.53000000000611,3.70096225018428,33.944,0,6.6,0.122
10500,08-01-23 07:00,1.86999999999534,3.68324125230162,31.44,0.0009,6.5,0.368
10560,08-01-23 08:00,0.0100000000020372,3.69047619047569,36.672,0.0104,6.6,0.616
10620,08-01-23 09:00,3.45999999999912,3.73472949389208,31.235,0.0475,6.5,0.697
10680,08-01-23 10:00,1.30999999999767,3.65677045619175,33.465,0.0464,6.8,0.772
10740,08-01-23 11:00,2.9800000000032,3.69401765282725,36.037,0.0454,6.8,0.756
10800,08-01-23 12:00,0.0100000000020372,3.69764397905698,30.488,0.049,6.9,0.736
10860,08-01-23 13:00,1.77999999999883,3.72216683283372,29.589,0.0205,6.6,0.776
10920,08-01-23 14:00,1.83000000000174,3.76134889753543,38.065,0.0062,6.6,0.771
10980,08-01-23 15:00,0.299999999995634,3.72630902666292,31.255,0,6.4,0.811
11040,08-01-23 16:00,0.0100000000020372,3.70247933884257,27.748,0,6.2,0.878
11100,08-01-23 17:00,2.08000000000174,3.73641304347867,37.088,0,5.9,0.912
11160,08-01-23 18:00,0.00999999999476131,3.7364130434796,31.816,0,6,0.811
11220,08-01-23 19:00,1.5,3.64864864864969,29.838,0,5.9,0.773
11280,08-01-23 20:00,2.12000000000261,3.70249017038022,36.852,0,5.9,0.732
11340,08-01-23 21:00,0.0100000000020372,3.74149659863901,31.581,0,5.8,0.739
11400,08-01-23 22:00,0.00999999999476131,3.69822485207194,32.997,0,5.6,0.605
11460,08-01-23 23:00,0.110000000000582,3.68459837877685,36.589,0,5.6,0.559
11520,09-01-23 00:00,3.11000000000058,3.70247933884351,32.604,0,5.7,0.479
11580,09-01-23 01:00,0.0100000000020372,3.70247933884351,31.118,0,5.5,0.448
11640,09-01-23 02:00,0,3.70506236243575,31.411,0,5.4,0.293
11700,09-01-23 03:00,2.65000000000145,3.6999321113371,36,0,5.4,0.351
11760,09-01-23 04:00,0.509999999994761,3.72038705372089,30.072,0,5.5,0.514
11820,09-01-23 05:00,0.510000000002037,3.8351254480282,33.25,0,5.6,0.797
11880,09-01-23 06:00,1.88999999999941,3.74873353596693,34.067,0,5.2,1.19
11940,09-01-23 07:00,1.2300000000032,3.71886728079238,30.046,0.0001,5.4,1.339
12000,09-01-23 08:00,1.68000000000029,3.74313186813208,36.424,0.0062,5.4,1.317
12060,09-01-23 09:00,2.68999999999505,3.7106918239004,29.529,0.0166,5.4,1.183
12120,09-01-23 10:00,1.10000000000582,3.66847826086917,34.544,0.016,5.6,1.194
12180,09-01-23 11:00,2.29000000000087,3.74753451676405,31.704,0.0232,5.4,1.045
12240,09-01-23 12:00,0.00999999999476131,3.71584699453528,35.181,0.0337,5.4,1.024
12300,09-01-23 13:00,2.45000000000436,3.74707259953175,31.993,0.0426,5.4,1.068
12360,09-01-23 14:00,1.29000000000087,3.67346938775579,31.109,0.0183,5.5,1.123
12420,09-01-23 15:00,0.00999999999476131,3.66207396664371,36.832,0.0001,5.3,1.205
12480,09-01-23 16:00,2.34999999999854,3.71245359433038,32.113,0,5.3,1.297
12540,09-01-23 17:00,0,3.71370695476086,29.685,0,5,1.355
12600,09-01-23 18:00,2.34000000000378,3.68139223560917,36.75,0.0001,5.1,1.266
12660,09-01-23 19:00,2.3199999999997,3.69680024852433,34.249,0.0001,5.3,1.194
12720,09-01-23 20:00,0.0100000000020372,3.74592833876175,29.715,0.0001,5.2,1.033
12780,09-01-23 21:00,0.00999999999476131,3.70759006645781,35.909,0.0001,5.2,0.982
12840,09-01-23 22:00,1.19000000000232,3.72858582465648,35.803,0.0001,4.9,0.806
12900,09-01-23 23:00,2.30000000000291,3.64940736119711,32.131,0.0001,5,0.788
12960,10-01-23 00:00,0.00999999999476131,3.6608260325407,29.831,0.0001,5,0.719
13020,10-01-23 01:00,0.0100000000020372,3.63825363825297,35.81,0,5.1,0.708
13080,10-01-23 02:00,0.260000000002037,3.67571281346582,33.698,0,4.8,0.672
13140,10-01-23 03:00,3.76999999999679,3.68004866180042,29.096,0.0001,4.9,0.711
13200,10-01-23 04:00,0,3.67184915646748,32.834,0,4.9,0.808
13260,10-01-23 05:00,3.43000000000029,3.66515837104049,34.752,0.0001,3.8,1.027
13320,10-01-23 06:00,0.0100000000020372,3.55283307810112,30.504,0.0001,3.7,1.151
13380,10-01-23 07:00,4.12999999999738,3.62568071080606,34.902,0.0005,3.7,1.23
13440,10-01-23 08:00,4.2300000000032,3.66851411982029,30.728,0.0225,3.9,1.193
13500,10-01-23 09:00,0.290000000000873,3.64383561643804,35.834,0.0776,4.8,1.151
13560,10-01-23 10:00,2.8399999999965,3.68349249658877,31.053,0.1333,5.5,1.089
13620,10-01-23 11:00,2.18000000000029,3.6310628147365,36.334,0.1294,6.1,1.05
13680,10-01-23 12:00,0.0100000000020372,3.61071932299062,30.421,0.074,6.3,1.054
13740,10-01-23 13:00,0.650000000001455,3.62981435300658,34.865,0.0596,6.5,1.081
13800,10-01-23 14:00,1.55999999999767,3.60795454545491,34.508,0.0166,6.2,1.085
13860,10-01-23 15:00,0.0100000000020372,3.65566037735874,30.638,0.0001,5.9,1.042
13920,10-01-23 16:00,1.01999999999679,3.63584311480107,33.836,0,5.2,1.088
13980,10-01-23 17:00,1.08000000000174,3.65418894830656,35.24,0,5,1.032
14040,10-01-23 18:00,1.26999999999679,3.63584311480107,30.546,0,5.4,0.925
14100,10-01-23 19:00,0.0100000000020372,3.65030674846641,34.889,0,5.7,0.789
14160,10-01-23 20:00,1.54000000000087,3.61407919547419,34.836,0,5.8,0.644
14220,10-01-23 21:00,1.55000000000291,3.6270983213425,30.576,0,5.4,0.605
14280,10-01-23 22:00,0.619999999995343,3.62084191934039,29.467,0,5.3,0.319
14340,10-01-23 23:00,0.0100000000020372,3.59865812747785,38.073,0,5.3,0.037
14400,11-01-23 00:00,2,3.69344413665758,33.354,0,5.1,0.001
14460,11-01-23 01:00,1.77999999999883,3.64856976065381,30.12,0,4.8,0.001
14520,11-01-23 02:00,0.0100000000020372,3.64856976065381,28.124,0,5.1,0
14580,11-01-23 03:00,2.44999999999708,3.64883401920436,35.938,0,5.5,0
14640,11-01-23 04:00,0.0100000000020372,3.64025695931429,30.155,0,6.2,0.02
14700,11-01-23 05:00,3.26000000000203,3.67176634214175,34.919,0,7,0.43
14760,11-01-23 06:00,1.29999999999563,3.66646954464824,31.894,0,7.8,0.678
14820,11-01-23 07:00,0.870000000002619,3.66205305651635,34.06,0.0002,7.8,0.948
14880,11-01-23 08:00,2.13999999999941,3.71673294585466,32.963,0.0123,7.7,0.941
14940,11-01-23 09:00,0.0100000000020372,3.68809272918886,34.285,0.0665,7.6,0.949
15000,11-01-23 10:00,3.75,3.66426558095823,33.65,0.1056,7.7,0.928
15060,11-01-23 11:00,0,3.64386387074555,33.575,0.1485,8,0.874
15120,11-01-23 12:00,0.00999999999476131,3.7147102526006,35.349,0.1076,7.3,0.822
15180,11-01-23 13:00,2.36000000000058,3.7581141100104,30.949,0.0538,7.4,0.861
15240,11-01-23 14:00,1.40000000000145,3.6975349766818,28.718,0.0186,7,0.875
15300,11-01-23 15:00,0.0100000000020372,3.68809272918761,37.595,0.0012,6.2,0.887
15360,11-01-23 16:00,2.44999999999708,3.72047880944708,34.614,0.0001,6.2,0.954
15420,11-01-23 17:00,0.0100000000020372,3.74581939799296,30.724,0,6.1,0.958
15480,11-01-23 18:00,0.87999999999738,3.73737373737377,29.372,0,6.1,0.913
15540,11-01-23 19:00,3.37000000000261,3.71069182389932,37.717,0.0001,6.1,0.852
15600,11-01-23 20:00,0.0100000000020372,3.71069182389932,33.406,0.0001,5.7,0.695
15660,11-01-23 21:00,2.59999999999854,3.74315276932427,30.241,0,5.3,0.682
15720,11-01-23 22:00,0.0599999999976716,3.72967803634092,30.869,0,5.1,0.51
15780,11-01-23 23:00,2.01000000000203,3.72405372405328,38.074,0,5.3,0.148
15840,12-01-23 00:00,2.40000000000145,3.72688477951561,30.445,0,5.3,0.041
15900,12-01-23 01:00,0.0100000000020372,3.70928829915515,31.04,0,5.4,0.035
15960,12-01-23 02:00,0.00999999999476131,3.75915896782384,35.975,0,5.3,0.001
16020,12-01-23 03:00,2.62000000000261,3.79411764705834,30.021,0,5.2,0.02
16080,12-01-23 04:00,1.20999999999912,3.69352869352832,34.156,0.0001,5,0.185
16140,12-01-23 05:00,2.88999999999941,3.73176206509534,32.607,0.0001,4.8,0.638
16200,12-01-23 06:00,0.0100000000020372,3.70484717505336,32.288,0.0001,4.8,0.83
16260,12-01-23 07:00,2.5899999999965,3.71140142517812,35.15,0.0011,4.7,0.795
16320,12-01-23 08:00,1.34999999999854,3.71779859484805,29.735,0.0091,4.6,0.728
16380,12-01-23 09:00,1.85000000000582,3.69058163566487,36.063,0.0207,4.7,0.742
16440,12-01-23 10:00,1.30999999999767,3.66789877736719,29.786,0.0218,5.1,0.752
16500,12-01-23 11:00,0,3.69191597708508,33.696,0.0327,5.3,0.745
16560,12-01-23 12:00,2.62000000000261,3.73090481786132,33.044,0.0358,5.3,0.741
16620,12-01-23 13:00,1.66999999999825,3.69747899159633,28.668,0.0389,5.4,0.749
16680,12-01-23 14:00,1.72999999999592,3.67835757057371,33.507,0.0177,5.1,0.76
16740,12-01-23 15:00,0.780000000006111,3.71552975326534,33.815,0.0002,5,0.754
16800,12-01-23 16:00,0.00999999999476131,3.71552975326613,29.076,0,4.7,0.833
16860,12-01-23 17:00,0.650000000001455,3.76722817764098,34.214,0.0001,4.3,0.889
16920,12-01-23 18:00,0.650000000001455,3.82997897266408,33.569,0,4,0.75
16980,12-01-23 19:00,2.70999999999912,3.64464692482929,29.841,0,3.7,0.739
17040,12-01-23 20:00,0.0100000000020372,3.68387909319889,35.792,0,3.8,0.63
17100,12-01-23 21:00,0.00999999999476131,3.68387909319974,31.362,0,3.8,0.524
17160,12-01-23 22:00,2.45000000000436,3.66972477064212,33.091,0,4.8,0.294
17220,12-01-23 23:00,0.569999999999709,3.64259028642552,34.694,0,5.5,0.243
17280,13-01-23 00:00,0.55000000000291,3.65296803652909,30.072,0,5.9,0.126
17340,13-01-23 01:00,2.28999999999359,3.66612111292997,36.624,0,6.1,0.067
17400,13-01-23 02:00,0.560000000004947,3.66559485530578,33.162,0,6.3,0.02
17460,13-01-23 03:00,0.239999999997962,3.67060325566558,29.237,0.0001,6,0.025
17520,13-01-23 04:00,3.95999999999912,3.6424854606679,35.439,0,5.7,0.188
17580,13-01-23 05:00,0.0100000000020372,3.71782650143016,30.644,0,5.4,0.407
17640,13-01-23 06:00,2.69000000000232,3.70962583946247,36.378,0,5.1,0.654
17700,13-01-23 07:00,0.369999999995343,3.69901991780023,31.158,0.0003,5.3,0.788
17760,13-01-23 08:00,1.95000000000436,3.64633752823359,31.826,0.012,5.3,0.749
17820,13-01-23 09:00,2.15999999999621,3.67924528301889,35.998,0.034,5.6,0.706
17880,13-01-23 10:00,0.0100000000020372,3.6715620827776,31.235,0.0415,5.7,0.632
17940,13-01-23 11:00,2.44999999999708,3.69774919614103,36.927,0.0552,5.8,0.569
18000,13-01-23 12:00,0.0100000000020372,3.696560591449,31.019,0.0288,5.9,0.522
18060,13-01-23 13:00,0.0100000000020372,3.64912280701702,35.003,0.0341,6.1,0.547
18120,13-01-23 14:00,2.52999999999883,3.71253405994549,34.152,0.0105,6.1,0.594
18180,13-01-23 15:00,0.0100000000020372,3.6903039073796,31.068,0.0002,6.2,0.635
18240,13-01-23 16:00,0.00999999999476131,3.68440640119196,36.947,0,6.1,0.721
18300,13-01-23 17:00,0.0100000000020372,3.68440640119096,31.193,0.0001,6,0.721
18360,13-01-23 18:00,1.83000000000174,3.63636363636314,30.243,0,5.8,0.713
18420,13-01-23 19:00,0.180000000000291,3.5351704133424,37.715,0,5.9,0.632
18480,13-01-23 20:00,0.00999999999476131,3.73794212218589,33.722,0,5.9,0.572
18540,13-01-23 21:00,0.0200000000040745,3.73644033748402,30.988,0,5.7,0.569
18600,13-01-23 22:00,2.8199999999997,3.79061371841007,31.812,0,5.6,0.508
18660,13-01-23 23:00,2.45999999999912,3.82533381450732,37.104,0,5.2,0.191
18720,14-01-23 00:00,1.2300000000032,3.84208671131398,30.594,0,5.4,0.258
18780,14-01-23 01:00,0.259999999994761,3.84615384615424,31.142,0,5.4,0.333
18840,14-01-23 02:00,3.17000000000552,3.86740331491658,35.547,0,5.5,0.307
18900,14-01-23 03:00,0.0599999999976716,3.86507378777241,29.478,0,5.5,0.303
18960,14-01-23 04:00,4.52999999999883,3.81679389312977,35.961,0,5.5,0.303
19020,14-01-23 05:00,0.0100000000020372,3.81944444444404,32.422,0,5.2,0.335
19080,14-01-23 06:00,3.04999999999563,3.8316582914577,32.394,0,4.9,0.397
19140,14-01-23 07:00,0.360000000000582,3.79532361911315,34.357,0.0014,4.5,0.399
19200,14-01-23 08:00,3.02000000000407,3.7935323383076,30.212,0.0193,4.6,0.423
19260,14-01-23 09:00,1.45999999999912,3.8206504578475,35.83,0.062,5.2,0.496
19320,14-01-23 10:00,0.0100000000020372,3.79403794037919,30.274,0.0754,5.4,0.488
19380,14-01-23 11:00,0.729999999995925,3.80291005291014,34.756,0.1306,5.8,0.486
19440,14-01-23 12:00,1.3199999999997,3.8131226382687,34.284,0.0595,5.6,0.466
19500,14-01-23 13:00,2.09000000000378,3.75120230843205,29.584,0.0277,5.1,0.314
19560,14-01-23 14:00,0,3.75240538806938,36.028,0.0063,5.1,0.148
19620,14-01-23 15:00,0.00999999999476131,3.73342637822747,33.267,0,5.3,0.067
19680,14-01-23 16:00,1.59000000000378,3.7698412698412,31.669,0,5.1,0.082
19740,14-01-23 17:00,0.62999999999738,3.75891121192474,28.993,0,4.8,0.102
19800,14-01-23 18:00,1.44000000000232,3.7472901827193,30.683,0,4.6,0.051
19860,14-01-23 19:00,0.489999999997962,3.71567043618804,38.393,0,4.7,0.067
19920,14-01-23 20:00,2.15000000000145,3.73633049817817,32.814,0,5.1,0.067
19980,14-01-23 21:00,0,3.73746581586162,29.477,0,5.7,0.044
20040,14-01-23 22:00,2.5,3.72986719412324,35.651,0,6.2,0.039
20100,14-01-23 23:00,1.54000000000087,3.69393139841738,31.912,0,5.6,0.029
20160,15-01-23 00:00,0.0100000000020372,3.66392924826283,30.799,0,4.6,0.013
20220,15-01-23 01:00,2.53999999999359,3.70033363664048,35.527,0.0001,4.2,0.031
20280,15-01-23 02:00,0.230000000003201,3.70370370370387,29.905,0,4.2,0.02
20340,15-01-23 03:00,3.15000000000145,3.61482381531046,36.325,0,4.2,0.021
20400,15-01-23 04:00,0.949999999997089,3.63797692990278,30.416,0,4.4,0.03
20460,15-01-23 05:00,1.52000000000407,3.70129870129849,34.68,0,4.5,0.012
20520,15-01-23 06:00,1.27999999999883,3.71063299033367,32.34,0,4.5,0.013
20580,15-01-23 07:00,0.970000000001164,3.63454484828195,33.896,0.002,4.4,0.068
20640,15-01-23 08:00,2.68000000000029,3.65212008665933,33.209,0.0165,4.2,0.077
20700,15-01-23 09:00,0.00999999999476131,3.65187713310633,32.836,0.0355,4.2,0.067
20760,15-01-23 10:00,0.0100000000020372,3.66247755834761,35.563,0.0656,4.9,0.06
20820,15-01-23 11:00,4.43000000000029,3.62565850635271,31.024,0.0572,5.2,0.05
20880,15-01-23 12:00,0,3.61445783132534,29.416,0.0684,4.8,0.003
20940,15-01-23 13:00,0.0100000000020372,3.60568971220633,38.028,0.0313,4.9,0.002
21000,15-01-23 14:00,0.00999999999476131,3.65896980461918,37.065,0.009,4.3,0.006
21060,15-01-23 15:00,2.40000000000145,3.66612111292998,30.981,0.0001,4.4,0.102
21120,15-01-23 16:00,1.43000000000029,3.65968095089125,28.519,0,4.6,0.23
21180,15-01-23 17:00,2.18000000000029,3.65479115479163,29.05,0,4.5,0.2
21240,15-01-23 18:00,0.520000000004074,3.63636363636321,38.199,0,4.9,0.188
21300,15-01-23 19:00,1.18000000000029,3.66573470021682,32.531,0,5,0.091
21360,15-01-23 20:00,1.72999999999592,3.67932994316514,28.243,0,5.2,0.146
21420,15-01-23 21:00,1.80000000000291,3.65779927448554,36.698,0,5.2,0.239
21480,15-01-23 22:00,2.18000000000029,3.65853658536558,31.445,0,5.2,0.279
21540,15-01-23 23:00,0.00999999999476131,3.66188587122396,29.58,0,5.1,0.446
21600,16-01-23 00:00,2.42000000000552,3.68499257057898,36.279,0,5.1,0.446
21660,16-01-23 01:00,0.809999999997671,3.65747460087066,30.806,0,5,0.467
21720,16-01-23 02:00,1.26999999999679,3.64677516576297,32.04,0.0001,4.7,0.417
21780,16-01-23 03:00,2.65000000000145,3.65168539325865,34.173,0.0003,4.1,0.471
21840,16-01-23 04:00,0.270000000004074,3.69804400977989,31.34,0.0003,3,0.647
21900,16-01-23 05:00,3.15999999999621,3.72172917263143,35.707,0.0001,3,1.15
21960,16-01-23 06:00,1.05999999999767,3.62634174644704,31.703,0.0005,2.3,1.303
22020,16-01-23 07:00,1.84500000000116,3.62494648209021,36.792,0.0016,2.5,1.384
22080,16-01-23 08:00,1.84500000000116,3.67585630743559,31.179,0.0338,2.5,1.265
22140,16-01-23 09:00,0,3.67138128197478,36.486,0.0924,2.8,1.117
22200,16-01-23 10:00,3.65000000000145,3.68863574722016,33.546,0.1339,3.4,1.122
22260,16-01-23 11:00,1.40999999999621,3.65821792526871,30.53,0.1328,3.7,1.094
22320,16-01-23 12:00,2.61000000000058,3.70370370370395,36.801,0.1119,4,1.048
22380,16-01-23 13:00,0.0100000000020372,3.70268787712565,35.825,0.0633,3.7,1.051
22440,16-01-23 14:00,0,3.70370370370395,30.812,0.0107,3.9,1.084
22500,16-01-23 15:00,0.0100000000020372,3.70370370370321,28.508,0.0002,3.8,1.122
22560,16-01-23 16:00,3.5699999999997,3.66826156299848,33.916,0,3.3,1.241
22620,16-01-23 17:00,0.619999999995343,3.66748166259245,33.5,0,3.6,1.292
22680,16-01-23 18:00,0.0100000000020372,3.63741339491937,31.846,0,4.3,1.12
22740,16-01-23 19:00,0.0100000000020372,3.66246703779694,35.652,0,4.4,1.019
22800,16-01-23 20:00,0.360000000000582,3.63254277994629,30.253,0,4.3,0.95
22860,16-01-23 21:00,3.69999999999708,3.62811791383192,36.636,0,4.3,0.917
22920,16-01-23 22:00,0,3.6439665471928,31.256,0,4,0.814
22980,16-01-23 23:00,0.0100000000020372,3.6410092622165,37.023,0,3.8,0.731
23040,17-01-23 00:00,2.58000000000174,3.68949232585504,32.244,0,3.7,0.704
23100,17-01-23 01:00,1.3199999999997,3.59975594874921,33.595,0,3.7,0.684
23160,17-01-23 02:00,2.47000000000116,3.62950058072026,35.787,0,3.6,0.666
23220,17-01-23 03:00,0.00999999999476131,3.61663652802861,31.451,0,3.6,0.683
23280,17-01-23 04:00,3.37000000000261,3.65781710914383,36.698,0,3.3,0.744
23340,17-01-23 05:00,0.0899999999965075,3.64768683274017,30.388,0,3.5,0.87
23400,17-01-23 06:00,3,3.60548271752054,36.596,0,3.8,1.047
23460,17-01-23 07:00,1.12000000000261,3.65853658536486,31.662,0,3.9,1.13
23520,17-01-23 08:00,1.76000000000203,3.66780975100532,36.323,0.0033,3.8,1.012
23580,17-01-23 09:00,1.37999999999738,3.65890535228292,32.491,0.0166,3.8,0.939
23640,17-01-23 10:00,1.3199999999997,3.60569933120085,35.819,0.027,3.8,0.913
23700,17-01-23 11:00,2.81500000000232,3.60601996721825,32.952,0.025,3.5,0.863
23760,17-01-23 12:00,2.06500000000232,3.65390236772764,33.856,0.0194,3.3,0.962
23820,17-01-23 13:00,0.229999999995925,3.64436066603812,37.253,0.0148,3.2,0.959
23880,17-01-23 14:00,1.30000000000291,3.59299516908184,31.081,0.0048,3.3,1.023
23940,17-01-23 15:00,1.93999999999505,3.65088419851748,28.715,0.0001,3,1.189
24000,17-01-23 16:00,0.680000000000291,3.63839910439436,30.128,0.0001,2.7,1.164
24060,17-01-23 17:00,0.0100000000020372,3.66801367733918,38.348,0,2.7,1.131
24120,17-01-23 18:00,3.20999999999912,3.65362485615595,35.833,0.0001,2.2,1.082
24180,17-01-23 19:00,1.91999999999825,3.6542132533406,30.41,0,2.1,1.036
24240,17-01-23 20:00,0.0100000000020372,3.6542132533406,28.118,0,1.8,1.013
24300,17-01-23 21:00,2.34999999999854,3.69891360579393,32.202,0,1.9,0.956
24360,17-01-23 22:00,0,3.68993135011424,35.707,0,1.5,0.925
24420,17-01-23 23:00,2.15000000000145,3.63783346806799,28.607,0,1.6,0.885
24480,18-01-23 00:00,1.94000000000232,3.63729508196739,36.286,0,1.3,0.878
24540,18-01-23 01:00,0.0100000000020372,3.59199341924898,31.709,0,1.2,0.887
24600,18-01-23 02:00,1.39999999999417,3.66621067031548,34.931,0,1.1,0.885
24660,18-01-23 03:00,1.52000000000407,3.67977528089904,32.738,0,1.2,0.864
24720,18-01-23 04:00,2.58000000000174,3.6678019386948,34.381,0,1.4,0.907
24780,18-01-23 05:00,4.32999999999447,3.62892921032507,33.447,0,1.3,0.97
24840,18-01-23 06:00,0.260000000002037,3.63867684478383,31.504,0,1.3,1.238
24900,18-01-23 07:00,3.84000000000378,3.66218236173311,35.7,0.0007,1.8,1.35
24960,18-01-23 08:00,1.8199999999997,3.62389813907925,31.563,0.0205,2,1.313
25020,18-01-23 09:00,2.3199999999997,3.62318840579746,36.58,0.0613,2.3,1.041
25080,18-01-23 10:00,0.409999999996216,3.6111798169683,30.808,0.0866,2.6,0.97
25140,18-01-23 11:00,0,3.65635387369029,35.366,0.0788,3.1,0.914
25200,18-01-23 12:00,2.26000000000203,3.65711321488757,33.441,0.0979,3.6,0.893
25260,18-01-23 13:00,1.15000000000145,3.6131774707759,32.226,0.1304,4.1,0.92
25320,18-01-23 14:00,0.00999999999476131,3.60769641902738,37.286,0.0419,3.5,1.041
25380,18-01-23 15:00,0.0100000000020372,3.6534735676725,32.397,0.0015,2.5,1.101
25440,18-01-23 16:00,0.0100000000020372,3.59649122806923,32.041,0.0001,1.8,1.19
25500,18-01-23 17:00,2.26000000000203,3.6333147009501,36.784,0,1.4,1.023
25560,18-01-23 18:00,1.21999999999388,3.59556636928966,30.302,0,1,0.969
25620,18-01-23 19:00,0.0100000000020372,3.61053566143862,31.46,0,0.7,0.9
25680,18-01-23 20:00,0,3.60840916222152,36.346,0,0.5,0.892
25740,18-01-23 21:00,0.410000000003492,3.62565850635189,31.246,0,0.4,0.874
25800,18-01-23 22:00,4.73999999999796,3.54875937680322,35.446,0,0.7,0.829
25860,18-01-23 23:00,0.519999999996798,3.55315520181979,35.609,0,0.9,0.83
25920,19-01-23 00:00,2.70000000000436,3.63839910439381,30.832,0,1.3,0.796
25980,19-01-23 01:00,0.75,3.61899247249577,37.876,0,1.3,0.781
26040,19-01-23 02:00,2.68000000000029,3.65493147003509,33.256,0,1.5,0.757
26100,19-01-23 03:00,2.18000000000029,3.60621216109435,31.149,0,2,0.738
26160,19-01-23 04:00,1.37999999999738,3.59313077939217,36.77,0,1.9,0.825
26220,19-01-23 05:00,2.59999999999854,3.61763929231646,30.992,0,2.2,0.879
26280,19-01-23 06:00,0.5,3.61339600470018,37.445,0,2.1,1.113
26340,19-01-23 07:00,4.69000000000232,3.58721081362084,32.698,0.002,1.6,1.19
26400,19-01-23 08:00,0.559999999997671,3.55214549588061,35.494,0.0062,2.4,1.16
26460,19-01-23 09:00,1.02999999999883,3.60465116279137,34.689,0.0237,1.9,1.152
26520,19-01-23 10:00,1.61000000000058,3.59157019887224,33.7,0.0391,2,1.031
26580,19-01-23 11:00,0,3.60576923076885,36.503,0.0247,2,1.116
26640,19-01-23 12:00,2.49000000000523,3.60637405647103,31.085,0.0319,2.4,1.152
26700,19-01-23 13:00,1.07999999999447,3.58485111303846,36.275,0.0368,2.6,1.194
26760,19-01-23 14:00,0.0100000000020372,3.61733931240674,38.411,0.0159,1.9,1.309
26820,19-01-23 15:00,2.69999999999708,3.62479247371379,34.016,0.001,0.9,1.386
26880,19-01-23 16:00,1.37000000000261,3.60000000000051,31.157,0,1.8,1.478
26940,19-01-23 17:00,2.41000000000349,3.60902255639098,28.923,0,1.7,1.47
27000,19-01-23 18:00,0.149999999994179,3.57237364382148,32.74,0,1.5,1.275
27060,19-01-23 19:00,1,3.64652648389638,38.443,0,0.9,1.116
27120,19-01-23 20:00,1.76000000000203,3.63682604272603,36.706,0,0.9,1.104
27180,19-01-23 21:00,1.4800000000032,3.60294117646994,31.842,0,0.7,1.111
27240,19-01-23 22:00,1.22499999999854,3.70058873002583,29.68,0,0.5,1.034
27300,19-01-23 23:00,1.22499999999854,3.62204724409495,37.317,0,0.3,1.093
27360,20-01-23 00:00,0,3.61894624800416,35.219,0,0.2,1.075
27420,20-01-23 01:00,2.51000000000203,3.61059106713025,33.253,0,0,1.06
27480,20-01-23 02:00,1.04000000000087,3.63588110403395,36.005,0,0.1,1.062
27540,20-01-23 03:00,3.11999999999534,3.59391395592873,33.165,0,0.1,1.079
27600,20-01-23 04:00,1.18000000000029,3.60991379310353,36.517,0,0.2,1.12
27660,20-01-23 05:00,0.560000000004947,3.63636363636349,31.329,0,1.1,1.309
27720,20-01-23 06:00,2.5,3.61878453038553,37.836,0,1.2,1.548
27780,20-01-23 07:00,1.0699999999997,3.58988305683917,30.928,0.0002,1.2,1.749
27840,20-01-23 08:00,3.04999999999563,3.64360945061189,37.256,0.0131,1.3,1.649
27900,20-01-23 09:00,0.0100000000020372,3.64372469635541,35.129,0.0194,1.2,1.561
27960,20-01-23 10:00,2.7300000000032,3.63836824696755,31.175,0.0435,1.7,1.499
28020,20-01-23 11:00,0.00999999999476131,3.63321799307969,37.506,0.0553,2,1.408
28080,20-01-23 12:00,2.74000000000523,3.60769641902686,32.117,0.0892,2.4,1.351
28140,20-01-23 13:00,1.39999999999417,3.60583539774347,31.123,0.032,2.2,1.357
28200,20-01-23 14:00,0.0100000000020372,3.60181508791839,37.424,0.0099,1.8,1.428
28260,20-01-23 15:00,2.80999999999767,3.62585391487162,30.893,0.0006,1.6,1.488
28320,20-01-23 16:00,0.0100000000020372,3.61888606163349,35.785,0,1.4,1.549
28380,20-01-23 17:00,2.63999999999941,3.65720524017397,33.733,0,1.5,1.55
28440,20-01-23 18:00,0.150000000001455,3.66492146596859,33.689,0,1.6,1.466
28500,20-01-23 19:00,2.0699999999997,3.69146005509613,35.983,0,1.6,1.307
28560,20-01-23 20:00,1.12000000000261,3.65183964854408,31.703,0,1.5,1.238
28620,20-01-23 21:00,0.569999999999709,3.6616520011352,37.434,0,1.2,1.213
28680,20-01-23 22:00,2.36999999999534,3.70985603543772,32.226,0,1.1,1.098
28740,20-01-23 23:00,0.0100000000020372,3.58114883254499,36.937,0,1.5,1.072
28800,21-01-23 00:00,1.55999999999767,3.74574347332552,33.867,0,1.5,1.042
28860,21-01-23 01:00,0.950000000004365,3.73031224095025,33.849,0,1.3,1.043
28920,21-01-23 02:00,2.68999999999505,3.71185042617623,35.93,0,1.7,0.995
28980,21-01-23 03:00,2,3.69675863916414,33.012,0,1.4,0.976
29040,21-01-23 04:00,1.18000000000029,3.72986719412324,36.694,0,1.2,0.982
29100,21-01-23 05:00,3.60000000000582,3.7556202062944,31.069,0,0.6,0.971
29160,21-01-23 06:00,0.199999999997089,3.73831775700965,37.526,0,0.1,1.043
29220,21-01-23 07:00,4.58000000000174,3.71869466228242,31.435,0.0008,0.2,1.134
29280,21-01-23 08:00,0.779999999998835,3.74617737003091,37.019,0.0165,0.1,1.277
29340,21-01-23 09:00,2.40999999999621,3.73056994818718,32.665,0.0462,0.6,1.265
29400,21-01-23 10:00,0.870000000002619,3.72529143436414,34.555,0.0759,1.1,1.168
29460,21-01-23 11:00,2.01000000000203,3.69127516778545,35.48,0.0624,1,1.1
29520,21-01-23 12:00,2.3399999999965,3.7009982955926,32.65,0.0427,1.3,1.019
29580,21-01-23 13:00,0.0100000000020372,3.72978612415231,37.177,0.0238,0.9,1.016
29640,21-01-23 14:00,2.5899999999965,3.74399190488274,31.145,0.0072,0.7,1.011
29700,21-01-23 15:00,0,3.74493927125563,37.026,0.0004,0.7,1.073
29760,21-01-23 16:00,1.53000000000611,3.7133891213383,32.685,0,0.5,1.294
29820,21-01-23 17:00,2.07999999999447,3.69635326221805,34.102,0,0.4,1.331
29880,21-01-23 18:00,0.0100000000020372,3.68895966029748,35.703,0,0.3,1.068
29940,21-01-23 19:00,2.59999999999854,3.68801395464825,32.089,0,0.4,1.031
30000,21-01-23 20:00,0.790000000000873,3.65508365508405,36.756,0,0.2,1.012
30060,21-01-23 21:00,2.38999999999941,3.66400797607235,30.897,0,0,0.981
30120,21-01-23 22:00,0.819999999999709,3.66608867971334,37.525,0,-0.1,0.876
30180,21-01-23 23:00,0.0100000000020372,3.65693238621459,33.226,0,-0.3,0.949
30240,22-01-23 00:00,2.91999999999825,3.66568914956076,31.74,0,-0.3,0.885
30300,22-01-23 01:00,1.13000000000465,3.63052605581627,37.7,0,-0.4,0.869
30360,22-01-23 02:00,2.96999999999388,3.64620089390779,32.321,0,-0.6,0.88
30420,22-01-23 03:00,0.640000000006693,3.65793376173896,31.53,0,-0.7,0.909
30480,22-01-23 04:00,2.00999999999476,3.65702989869054,36.396,0,-1,0.876
30540,22-01-23 05:00,3.24000000000523,3.59746061603502,30.047,0,-1.2,0.949
30600,22-01-23 06:00,1.18000000000029,3.59012715033666,37.042,0,-1.5,0.949
30660,22-01-23 07:00,2.3399999999965,3.57396449704167,31.167,0.0013,-1.7,1.023
30720,22-01-23 08:00,0.269999999996798,3.61096468107549,34.321,0.0153,-1.7,1.085
30780,22-01-23 09:00,4.74000000000523,3.55608591885431,34.703,0.0358,-1.6,1.125
30840,22-01-23 10:00,0.00999999999476131,3.56962025316433,33.044,0.0557,-1.8,1.139
30900,22-01-23 11:00,2.9600000000064,3.55854772781945,36.07,0.0609,-1.9,1.088
30960,22-01-23 12:00,0.00999999999476131,3.61202323819144,31.219,0.0493,-1.9,1.116
31020,22-01-23 13:00,0.0100000000020372,3.59634997316138,36.994,0.0338,-1.6,1.152
31080,22-01-23 14:00,4.2300000000032,3.56798457087767,32.207,0.0166,-1.5,1.172
31140,22-01-23 15:00,0.0499999999956344,3.56959424755948,35.057,0.0012,-1.4,1.272
31200,22-01-23 16:00,0.0100000000020372,3.56867779204002,35.916,0,-1.4,1.428
31260,22-01-23 17:00,2.79000000000087,3.58119870678974,31.728,0,-1.4,1.503
31320,22-01-23 18:00,1.20999999999912,3.58413828164715,38.073,0,-1.5,1.482
31380,22-01-23 19:00,2.37999999999738,3.59625988971507,33.538,0,-1.6,1.3
31440,22-01-23 20:00,1.09999999999854,3.5563292713251,36.234,0,-1.6,1.238
31500,22-01-23 21:00,0.0100000000020372,3.57595739284765,34.46,0,-1.7,1.171
31560,22-01-23 22:00,3.16999999999825,3.58119870678939,32.963,0,-1.7,1.103
31620,22-01-23 23:00,1.38999999999941,3.55566454144171,36.797,0,-1.7,1.108
31680,23-01-23 00:00,3.65000000000145,3.55695632597929,30.546,0,-1.8,1.108
31740,23-01-23 01:00,1.31000000000494,3.55057229619192,35.659,0,-1.8,1.104
31800,23-01-23 02:00,2.71999999999388,3.55855855855857,34.031,0,-1.9,1.098
31860,23-01-23 03:00,1.85000000000582,3.58133086876091,34.092,0,-1.8,1.115
31920,23-01-23 04:00,2.86000000000058,3.53846153846172,35.304,0.0001,-1.6,1.118
31980,23-01-23 05:00,2.20999999999912,3.52297592997797,32.711,0.0001,-1.8,1.413
32040,23-01-23 06:00,0.860000000000582,3.57802400738677,37.19,0,-2.4,1.685
32100,23-01-23 07:00,2.66999999999825,3.54831510823461,31.931,0.0021,-2.7,1.919
32160,23-01-23 08:00,1.47000000000116,3.55029585798763,37.677,0.0138,-3.1,2.01
32220,23-01-23 09:00,3.61999999999534,3.53140198773537,31.879,0.0311,-3.3,1.859
32280,23-01-23 10:00,0,3.57226792009456,37.436,0.0433,-3.4,1.713
32340,23-01-23 11:00,0,3.67889045604099,33.896,0.0529,-3.3,1.644
32400,23-01-23 12:00,2.93000000000029,3.57562926370262,34.548,0.051,-3.3,1.631
32460,23-01-23 13:00,0.580000000001746,3.55153203342634,36.403,0.0434,-2.7,1.634
32520,23-01-23 14:00,2.86000000000058,3.54887872849995,31.415,0.0234,-2.6,1.629
32580,23-01-23 15:00,1.55000000000291,3.56069364161808,35.393,0.0021,-2.8,1.671
32640,23-01-23 16:00,0.459999999999126,3.55016032982141,36.276,0,-2.6,1.852
32700,23-01-23 17:00,3.5,3.56309650053055,30.794,0,-2,1.846
32760,23-01-23 18:00,0.919999999998253,3.53356890459381,36.558,0,-1.8,1.66
32820,23-01-23 19:00,3.80000000000291,3.53039481930202,34.647,0,-1.7,1.514
32880,23-01-23 20:00,0.159999999996216,3.52683461117188,32.328,0,-1.7,1.369
32940,23-01-23 21:00,0.639999999999417,3.58486390794403,38.068,0,-1.2,1.28
33000,23-01-23 22:00,2.86000000000058,3.58034970857591,32.073,0.0003,-0.7,1.168
33060,23-01-23 23:00,1.29000000000087,3.5311958405541,35.487,0.0001,-0.2,1.226
33120,24-01-23 00:00,3.15000000000145,3.5684474123532,35.354,0.0001,0.1,1.191
33180,24-01-23 01:00,0,3.5690083578036,35.243,0.0002,0.5,1.085
33240,24-01-23 02:00,2.18999999999505,3.56589147286855,36.246,0.0001,0.6,1.059
33300,24-01-23 03:00,1.19000000000232,3.55341586428209,33.478,0.0003,0.6,1.143
33360,24-01-23 04:00,2.40000000000145,3.53180892008129,37.144,0.0005,1,1.166
33420,24-01-23 05:00,1.65000000000145,3.56145251396619,32.571,0.0001,1.3,1.366
33480,24-01-23 06:00,0,3.58282208588906,37.705,0.0005,1,1.563
33540,24-01-23 07:00,2.8199999999997,3.55888550690731,32.209,0.0022,1.7,1.868
33600,24-01-23 08:00,1.37999999999738,3.52486721390701,38.157,0.0178,1.8,1.908
33660,24-01-23 09:00,2.93000000000029,3.54477611940339,32.568,0.0509,2.2,1.776
33720,24-01-23 10:00,0.0400000000008731,3.56234096692105,36.822,0.0603,2.6,1.711
33780,24-01-23 11:00,2.87999999999738,3.55618776671402,34.301,0.1128,2.6,1.621
33840,24-01-23 12:00,0,3.42579421526823,34.396,0.0804,2.9,1.532
33900,24-01-23 13:00,2.52999999999883,3.54236476783167,36.7,0.041,3.4,1.602
33960,24-01-23 14:00,1.59000000000378,3.52886188361734,32.913,0.0198,3.5,1.622
34020,24-01-23 15:00,1.18499999999767,3.53885443268911,38.363,0.0024,3.6,1.671
34080,24-01-23 16:00,1.93500000000494,3.59036144578315,31.202,0,3.7,1.86
34140,24-01-23 17:00,2.6099999999933,3.57388316151231,37.774,0.0001,3.9,1.86
34200,24-01-23 18:00,0.830000000001746,3.56271351879002,33.169,0.0001,4,1.72
34260,24-01-23 19:00,0.80000000000291,3.59765051394963,34.695,0.0001,4.1,1.542
34320,24-01-23 20:00,1.97000000000116,3.61260568793224,36.078,0.0001,4.2,1.305
34380,24-01-23 21:00,1.64999999999417,3.57847976308015,30.619,0.0001,4.2,1.023
34440,24-01-23 22:00,2.47000000000116,3.54191263282181,38.235,0.0001,4.2,0.957
34500,24-01-23 23:00,0,3.54520131678944,32.989,0.0001,4.2,0.928
34560,25-01-23 00:00,0.680000000000291,3.6008230452683,37.353,0.0001,4.2,0.895
34620,25-01-23 01:00,1.94000000000232,3.58375365012033,34.578,0.0001,4.2,0.881
34680,25-01-23 02:00,1.8399999999965,3.56871678056267,33.078,0.0001,4.1,0.868
34740,25-01-23 03:00,3.17000000000552,3.58113114349184,37.608,0.0001,4.1,0.869
34800,25-01-23 04:00,0.00999999999476131,3.58687356906693,32.836,0.0001,4,0.899
34860,25-01-23 05:00,4.25,3.6200194363465,38.008,0.0001,3.9,0.932
34920,25-01-23 06:00,1.9800000000032,3.59122680163966,32.338,0.0001,3.9,1.22
34980,25-01-23 07:00,3.62999999999738,3.61258865248273,36.5,0.0016,3.9,1.232
35040,25-01-23 08:00,0.480000000003201,3.59981299672729,34.608,0.0107,4.1,1.151
35100,25-01-23 09:00,2.3399999999965,3.68084133516269,34.408,0.0355,4.1,1.047
35160,25-01-23 10:00,0.990000000005238,3.66028708133943,35.327,0.0639,4.3,0.997
35220,25-01-23 11:00,2.76999999999679,3.61554008533569,34.351,0.0703,4.5,0.976
35280,25-01-23 12:00,1.43000000000029,3.62116991643437,35.402,0.5436,4.7,0.973
35340,25-01-23 13:00,0,3.62116991643437,31.491,0.016,5,0.971
35400,25-01-23 14:00,2.95999999999912,3.63134911514564,37.576,0.0053,5.1,0.88
35460,25-01-23 15:00,1.19000000000232,3.64184643934125,31.414,0.0002,5.3,0.992
35520,25-01-23 16:00,2.19999999999708,3.63739376770552,32.233,0.0001,5.4,1.07
35580,25-01-23 17:00,0.349999999998544,3.59661495063571,35.329,0.0001,5.5,1.038
35640,25-01-23 18:00,0.0100000000020372,3.60540811216853,32.162,0,5.6,0.977
35700,25-01-23 19:00,3.7300000000032,3.61811391223126,36.656,0,5.7,1.116
35760,25-01-23 20:00,0.720000000001164,3.60149672591214,31.093,0,5.8,1.074
35820,25-01-23 21:00,1.14999999999417,3.624225083453,37.214,0,5.8,1.079
35880,25-01-23 22:00,1.72000000000116,3.64199000238001,32.47,0,5.5,1.004
35940,25-01-23 23:00,0.0100000000020372,3.64096080910227,35.071,0,5.2,1.116
36000,26-01-23 00:00,4.18000000000029,3.63594786187942,34.671,0,4.4,0.962
36060,26-01-23 01:00,0.419999999998253,3.61168622038153,31.021,0,4.3,0.956
36120,26-01-23 02:00,0.739999999997962,3.61958836053895,37.034,0,4.1,0.942
36180,26-01-23 03:00,2.13000000000465,3.64191729323251,31.213,0,4,0.959
36240,26-01-23 04:00,0,3.63036303630352,36.73,0,3.6,0.922
36300,26-01-23 05:00,3.29000000000087,3.65596437778215,30.504,0,3.5,1.193
36360,26-01-23 06:00,0.889999999999417,3.61231238870478,35.567,0,3.6,1.357
36420,26-01-23 07:00,1.04999999999563,3.64773319437177,33.225,0.0062,3.6,1.48
36480,26-01-23 08:00,1.90000000000145,3.62892223738055,34.618,0.0604,4.3,1.481
36540,26-01-23 09:00,1.27999999999883,3.60480640854495,33.566,0.1393,4.8,1.431
36600,26-01-23 10:00,3,3.56861716084944,32.642,0.183,5.1,1.324
36660,26-01-23 11:00,0.0100000000020372,3.58200915701583,35.401,0.2029,5.4,1.015
36720,26-01-23 12:00,1.3199999999997,3.64349775784717,31.855,0.1848,5.4,0.967
36780,26-01-23 13:00,0.940000000002328,3.63739698778058,36.677,0.1303,5.2,0.952
36840,26-01-23 14:00,0.00999999999476131,3.63636363636414,30.575,0.0515,4.5,1.008
36900,26-01-23 15:00,0.430000000000291,3.64248546066725,36.299,0.0071,3.5,1.138
36960,26-01-23 16:00,2.0699999999997,3.66616989567849,33.293,0,2.7,1.385
37020,26-01-23 17:00,0.0100000000020372,3.66709183673423,32.571,0,2.3,1.116
37080,26-01-23 18:00,0.290000000000873,3.67412140575006,36.085,0,2,0.996
37140,26-01-23 19:00,2.16999999999825,3.70591751344821,30.225,0,1.9,0.953
37200,26-01-23 20:00,0.0100000000020372,3.69872225958257,34.34,0,1.7,0.927
37260,26-01-23 21:00,0.0100000000020372,3.72028935583834,34.142,0,1.3,0.931
37320,26-01-23 22:00,2.16999999999825,3.69384359400953,29.905,0,0.7,0.909
37380,26-01-23 23:00,0.290000000000873,3.70370370370342,36.405,0,0.3,1.004
37440,27-01-23 00:00,1.73999999999796,3.69028006589833,30.687,0.0001,-0.1,0.852
37500,27-01-23 01:00,3.47000000000116,3.71120107962291,34.418,0,-0.4,0.891
37560,27-01-23 02:00,0.00499999999738065,3.72968349016327,34.632,0,-0.5,0.863
37620,27-01-23 03:00,0.00500000000465661,3.89610389610408,29.865,0,-0.8,0.923
37680,27-01-23 04:00,2.47000000000116,3.74609781477644,36.788,0,-0.9,0.947
37740,27-01-23 05:00,1.69999999999708,3.73403209957471,30.884,0,-1.6,1.113
37800,27-01-23 06:00,2.93000000000029,3.6791514749762,31.723,0,-2.1,1.31
37860,27-01-23 07:00,1.8399999999965,3.69537275064284,35.538,0.0082,-2.2,1.45
37920,27-01-23 08:00,1.38999999999941,3.71900826446283,30.829,0.0353,-1.2,1.482
37980,27-01-23 09:00,2.2100000000064,3.68271954674165,36.95,0.1196,-0.8,1.45
38040,27-01-23 10:00,1.53999999999359,3.71526693724668,30.431,0.2112,1,1.413
38100,27-01-23 11:00,3.24000000000523,3.71862410907953,36.308,0.2243,2.5,1.362
38160,27-01-23 12:00,0,3.71977681339133,31.707,0.1953,3.1,1.339
38220,27-01-23 13:00,0.00999999999476131,3.68336025848214,30.029,0.1553,3.3,1.35
38280,27-01-23 14:00,2.18000000000029,3.69680024852517,38.176,0.0714,2.6,1.376
38340,27-01-23 15:00,0.200000000004365,3.7059913526858,33.059,0.0089,1.3,1.398
38400,27-01-23 16:00,0.0100000000020372,3.69211514392924,29.552,0.0001,0.5,1.473
38460,27-01-23 17:00,0.00999999999476131,3.67892976588585,37.313,0.0001,0.3,1.493
38520,27-01-23 18:00,0,3.68016058882551,32.479,0.0002,0.4,1.441
38580,27-01-23 19:00,1.30000000000291,3.68932038834971,29.56,0.0002,0.8,1.35
38640,27-01-23 20:00,1.22999999999592,3.67156208277784,37.277,0.0002,0.7,1.237
38700,27-01-23 21:00,0.0100000000020372,3.67156208277784,33.033,0.0001,0.9,1.154
38760,27-01-23 22:00,0.0100000000020372,3.67156208277784,30.355,0.0001,1.2,1.086
38820,27-01-23 23:00,2.77999999999883,3.66372260386032,31.418,0.0001,1.1,1.041
38880,28-01-23 00:00,1.16000000000349,3.65776081424893,37.38,0.0001,1.3,1.004
38940,28-01-23 01:00,0.00999999999476131,3.66879838438205,29.751,0.0001,1.5,0.992
39000,28-01-23 02:00,0.870000000002619,3.68867576539915,34.634,0.0001,1.7,0.963
39060,28-01-23 03:00,1.69000000000232,3.68119465184765,34.022,0.0001,1.6,0.931
39120,28-01-23 04:00,1.13999999999941,3.50818576678857,32.838,0.0001,1.9,0.913
39180,28-01-23 05:00,2.90999999999621,3.68784985182762,36.249,0.0001,2.5,0.958
39240,28-01-23 06:00,2.22499999999854,3.68991746237285,32.296,0.0001,2.8,0.879
39300,28-01-23 07:00,3.95500000000174,3.72807017543813,37.296,0.0058,3.3,0.87
39360,28-01-23 08:00,2.66999999999825,3.69465648854969,32.044,0.0656,3.8,0.871
39420,28-01-23 09:00,2.28000000000611,3.68608799048727,37.85,0.0437,4.2,0.885
39480,28-01-23 10:00,0.259999999994761,3.72357210476601,31.698,0.0846,4.3,0.871
39540,28-01-23 11:00,2.5699999999997,3.72860635696786,37.158,0.1782,5.7,0.838
39600,28-01-23 12:00,2.72000000000116,3.66459627329232,34.625,0.184,6.1,0.829
39660,28-01-23 13:00,1.72000000000116,3.65566037735875,30.548,0.1138,6.1,0.823
39720,28-01-23 14:00,0.159999999996216,3.66891693572082,31.721,0.0502,5.5,0.816
39780,28-01-23 15:00,0.0100000000020372,3.66771159874583,38.434,0.0077,5.3,0.838
39840,28-01-23 16:00,0.0100000000020372,3.65815200252363,38.36,0,5.1,0.849
39900,28-01-23 17:00,0,3.65930599369185,32.649,0,5.1,0.838
39960,28-01-23 18:00,1.37999999999738,3.62866646507469,30.586,0,4.9,0.83
40020,28-01-23 19:00,2.09999999999854,3.6394654535117,28.418,0,4.9,0.812
40080,28-01-23 20:00,0.0100000000020372,3.63046044864185,38.197,0,4.7,0.797
40140,28-01-23 21:00,0,3.6140888208262,33.95,0,4.8,0.797
40200,28-01-23 22:00,3.76000000000203,3.62637362637362,28.995,0,5,0.776
40260,28-01-23 23:00,0.239999999997962,3.63090363090338,29.303,0,5.1,0.794
40320,29-01-23 00:00,2.06000000000494,3.64800891116626,38.535,0,5.2,0.776
40380,29-01-23 01:00,0.75,3.66197183098639,31.497,0,5.1,0.759
40440,29-01-23 02:00,0.199999999997089,3.64247688428155,28.749,0,5.2,0.755
40500,29-01-23 03:00,4.5899999999965,3.62852068003082,38.207,0,5.2,0.753
40560,29-01-23 04:00,0.0400000000008731,3.62817796610221,31.681,0,5.2,0.758
40620,29-01-23 05:00,2.8199999999997,3.65111561866222,32.017,0.0001,5.2,0.75
40680,29-01-23 06:00,0.590000000003783,3.63685344827575,35.769,0,5.1,0.758
40740,29-01-23 07:00,1.33000000000174,3.61628709454778,31.697,0.005,5,0.76
40800,29-01-23 08:00,2.82999999999447,3.61823361823405,37.044,0.0271,5,0.765
40860,29-01-23 09:00,0.0100000000020372,3.63748458692974,32.211,0.0533,5.2,0.738
40920,29-01-23 10:00,2.5699999999997,3.63580812710054,36.759,0.0871,5.3,0.725
40980,29-01-23 11:00,0.270000000004074,3.63469761759214,30.614,0.0825,5.6,0.712
41040,29-01-23 12:00,2.94999999999708,3.59299516908227,37.22,0.068,5.7,0.702
41100,29-01-23 13:00,1.48999999999796,3.63750391972411,32.474,0.0348,5.9,0.7
41160,29-01-23 14:00,0.0100000000020372,3.64479787939028,32.35,0.0173,5.8,0.7
41220,29-01-23 15:00,1.37000000000261,3.66358712965819,38.726,0.0025,5.8,0.702
41280,29-01-23 16:00,1.50999999999476,3.64852538765538,37.125,0,5.7,0.706
41340,29-01-23 17:00,0.660000000003492,3.63744782349361,32.023,0,5.7,0.68
41400,29-01-23 18:00,2.77999999999883,3.66189427312708,30.202,0,5.7,0.678
41460,29-01-23 19:00,0,3.69204350314734,29.085,0,5.6,0.677
41520,29-01-23 20:00,1.55999999999767,3.69186046511599,37.014,0,5.7,0.632
41580,29-01-23 21:00,4.20999999999912,3.65284974093292,37.374,0,6.1,0.594
41640,29-01-23 22:00,0,3.65284974093292,29.613,0,5.6,0.479
41700,29-01-23 23:00,2.16000000000349,3.67567567567556,33.554,0,5.7,0.335
41760,30-01-23 00:00,0.610000000000582,3.66604227990342,34.343,0,5.4,0.044
41820,30-01-23 01:00,1.87999999999738,3.68378596396931,31.412,0,5.3,0.038
41880,30-01-23 02:00,3.4800000000032,3.63226452905764,36.341,0,5.2,0.015
41940,30-01-23 03:00,0.00999999999476131,3.64963503649609,30.368,0,4.6,0.067
42000,30-01-23 04:00,3.58000000000174,3.66735537190098,34.705,0,4.5,0.279
42060,30-01-23 05:00,0.0100000000020372,3.67019901783411,33.308,0,4.2,0.655
42120,30-01-23 06:00,3.97000000000116,3.63955823293092,32.583,0,4.1,0.696
42180,30-01-23 07:00,0.919999999998253,3.60965894946519,35.105,0.0127,4.3,0.737
42240,30-01-23 08:00,2.23999999999796,3.65141187925992,29.792,0.0569,4.5,0.705
42300,30-01-23 09:00,0.569999999999709,3.63214837712536,35.883,0.1713,5,0.687
42360,30-01-23 10:00,3.81000000000494,3.58986391365564,31.1,0.2398,5.5,0.656
42420,30-01-23 11:00,1.79999999999563,3.56033452807712,33.832,0.1686,5.8,0.631
42480,30-01-23 12:00,0.0100000000020372,3.5585477278199,34.53,0.2075,6.1,0.62
42540,30-01-23 13:00,0.0100000000020372,3.59637774902969,30.397,0.1366,6.2,0.651
42600,30-01-23 14:00,0.439999999995052,3.64361702127656,37.392,0.0709,5.9,0.641
42660,30-01-23 15:00,1.74000000000523,3.6359013475715,32.351,0.0131,5.3,0.667
42720,30-01-23 16:00,0,3.60906217070591,30.605,0,4.9,0.7
42780,30-01-23 17:00,0,3.62139917695443,37.353,0,4.3,0.68
42840,30-01-23 18:00,0.00999999999476131,3.63128491620183,31.599,0,3.9,0.687
42900,30-01-23 19:00,0.0100000000020372,3.6027853466551,34.825,0,3.7,0.669
42960,30-01-23 20:00,3.52999999999883,3.61050328227666,33.119,0,3.5,0.646
43020,30-01-23 21:00,0.430000000000291,3.58453288173948,30.876,0,3.4,0.656
43080,30-01-23 22:00,0.919999999998253,3.64032358431903,37.454,0,3.2,0.667
43140,30-01-23 23:00,1.74000000000523,3.6599763872491,32.494,0,3,0.673
43200,31-01-23 00:00,0.00999999999476131,3.62433028679536,32.143,0.0001,2.8,0.667
43260,31-01-23 01:00,1.53000000000611,3.61408882082685,34.485,0,2.8,0.692
43320,31-01-23 02:00,2.16999999999825,3.58227079538536,30.803,0.0001,2.7,0.697
43380,31-01-23 03:00,0.0100000000020372,3.63081099423174,36.72,0,2.6,0.704
43440,31-01-23 04:00,3.3399999999965,3.6585365853661,30.921,0,2.7,0.732
43500,31-01-23 05:00,0.220000000001164,3.63451086956539,35.498,0,3,0.775
43560,31-01-23 06:00,2.58000000000174,3.65510777881858,31.824,0,3.1,0.852
43620,31-01-23 07:00,1.50999999999476,3.65482233502654,34.504,0.0033,3.2,0.855
43680,31-01-23 08:00,0.150000000001455,3.68311327310579,34.363,0.0315,2.6,0.837
43740,31-01-23 09:00,2.77000000000407,3.65063118389613,32.98,0.0548,2.3,0.81
43800,31-01-23 10:00,1.20999999999912,3.63939899833032,35.569,0.0608,2.6,0.752
43860,31-01-23 11:00,2.48999999999796,3.70241005937818,30.931,0.0845,3.1,0.727
43920,31-01-23 12:00,0.0100000000020372,3.72578241430601,37.193,0.1135,4.7,0.718
43980,31-01-23 13:00,2.91999999999825,3.73109243697422,33.082,0.0402,5,0.694
44040,31-01-23 14:00,0.0899999999965075,3.75460945357051,30.294,0.0222,4.5,0.694
44100,31-01-23 15:00,0.820000000006984,3.67428003972131,27.715,0.0044,4.1,0.697
44160,31-01-23 16:00,2.3599999999933,3.69769704833081,36.844,0,4.2,0.744
44220,31-01-23 17:00,0.0100000000020372,3.69649805447573,36.965,0,4.5,0.737
44280,31-01-23 18:00,0.0100000000020372,3.69529983792622,31.642,0,4.7,0.709
44340,31-01-23 19:00,2.8399999999965,3.68171021377676,28.04,0,4.5,0.67
44400,31-01-23 20:00,1.12500000000727,3.67868946687705,32.441,0,4.6,0.626
44460,31-01-23 21:00,0.95499999999447,3.69335816263133,37.465,0,4.7,0.64
44520,31-01-23 22:00,1.37999999999738,3.70817003316198,30.4,0,4.7,0.517
44580,31-01-23 23:00,1.54000000000087,3.64013021603966,37.461,0,4.5,0.517
